{
    "dueDate": "2021-06-24T18:13:36+0000",
    "pageOrder": 0,
    "status": "PUBLISHED",
    "questions": [
        {
            "imageFeedback": null,
            "videoFeedback": null,
            "required": false,
            "type": "MULTI_CHOICE",
            "max_grade": 4,
            "position": 2,
            "audioPrompt": null,
            "audioFeedback": null,
            "description": null,
            "videoPrompt": null,
            "name": "Whats something out of this list.",
            "imagePrompt": null,
            "custom_properties": {
                "options": "Mae@@ond@@peth@@"
            }
        },
        {
            "imageFeedback": null,
            "videoFeedback": null,
            "required": false,
            "type": "VOICE",
            "max_grade": 1,
            "position": 3,
            "audioPrompt": null,
            "audioFeedback": null,
            "description": null,
            "videoPrompt": null,
            "name": "Sing Calon L\u00e2n.",
            "imagePrompt": null,
            "custom_properties": {
                
            }
        },
        {
            "imageFeedback": null,
            "videoFeedback": null,
            "required": false,
            "type": "CLOZE",
            "max_grade": 4,
            "position": 1,
            "audioPrompt": null,
            "audioFeedback": null,
            "description": null,
            "videoPrompt": null,
            "name": "Fill in the blanks from the song 'Sosban Fach'?",
            "imagePrompt": null,
            "custom_properties": {
                "cloze_text": "Mae bys Meri Ann wedi @@, A Dafydd y gwas ddim yn iach. Mae'r baban yn y crud yn @@, A'r gath wedi sgrapo @@.",
                "cloze_prompts": "[[],[\"Chwerthin\",\"Crio\",\"Tagu\"],[]]"
            }
        },
        {
            "imageFeedback": null,
            "videoFeedback": null,
            "required": false,
            "type": "BOOLEAN",
            "max_grade": 1,
            "position": 0,
            "audioPrompt": null,
            "audioFeedback": null,
            "description": null,
            "videoPrompt": null,
            "name": "Is R a Vowel?",
            "imagePrompt": null,
            "custom_properties": {
                
            }
        }
    ],
    "name": "(A, E, I)"
}